split,rows,subjects,target_mean,target_std,target_min,target_max
train,3939,28,30.032360979944148,11.695511621084233,7.0,54.992
validation,957,7,28.609556948798325,5.988061482320686,15.448,41.58
test,979,7,25.341644535240043,9.165989896097209,10.646,44.761
