subject#,rows,true_mean,mae,rmse,r2
5,156,41.853987179487184,11.66975807825211,12.222262115078513,-56.09378477578381
27,129,15.433992248062017,10.901060523214932,12.35731860418427,-30.945036522877412
20,134,16.930947761194027,9.673828174071597,10.87919430996752,-256.908946510038
14,136,18.016573529411765,8.783459538389065,9.966904664157557,-3.649483103820751
40,142,25.95357042253521,5.279003163316113,5.89598920222434,-12.331516856650998
26,130,31.332246153846153,4.380853965145035,5.338127649872375,-3.0605617254723274
9,152,25.076730263157895,3.2219426430151152,3.729947662792646,-10.165705475426089
