test_time_bin,rows,test_time_min,test_time_max,mae,rmse,r2
early,329,4.4333,60.808,8.0433884862279,9.37958286863019,0.08464140195468273
middle,325,63.342,123.83,7.715413186220128,9.28968774562102,0.030947873420465233
late,325,126.26,196.36,7.300440582018711,8.967758766252567,-0.22473214531722108
